mutation,clone,snExpr,bulkExpr,SNP_location,dist_to_5prime,strandedness,exon_start,exon_end,sequence,NA
ATRX_NA,clone 1,95.2464077027673,15.9694220430108,77618982,NA,NA,NA,NA,NA,NA
CDKN1A_C58T,clone 1,85.2743375840653,31.6910282258064,36684159,62,forward,chr6,36684097,36684546,GCGCCATGTCAGAACCGGCTGGGGATGTCCGTCAGAACCCATGCGGCAGCAAGGCCTGCCGCCGCCTCTTCGGCCCAGTGGACAGCGAGCAGCTGAGCCGCGACTGTGATGCGCTAATGGCGGGCTGCATCCAGGAGGCCCGTGAGCGATGGAACTTCGACTTTGTCACCGAGACACCACTGGAGGGTGACTTCGCCTGGGAGCGTGTGCGGGGCCTTGGCCTGCCCAAGCTCTACCTTCCCACGGGGCCCCGGCGAGGCCGGGATGAGTTGGGAGGAGGCAGGCGGCCTGGCACCTCACCTGCTCTGCTGCAGGGGACAGCAGAGGAAGACCATGTGGACCTGTCACTGTCTTGTACCCTTGTGCCTCGCTCAGGGGAGCAGGCTGAAGGGTCCCCAGGTGGACCTGGAGACTCTCAGGGTCGAAAACGGCGGCAGACCAGCATGACAG
HOXD4_A598C,clone 1,84.2030796369115,62.9368279569892,176152772,164,forward,chr2,176152608,176153226,TGAACCCCAACTACACCGGTGGGGAACCCAAGCGGTCCCGAACGGCCTACACCCGGCAGCAAGTCCTAGAACTGGAAAAAGAATTTCATTTTAACAGGTATCTGACAAGGCGCCGTCGGATTGAAATCGCTCACACCCTGTGTCTGTCGGAGCGCCAGATCAAGATCTGGTTCCAGAACCGGAGGATGAAGTGGAAAAAAGATCATAAGCTGCCCAACACTAAAGGCAGGTCATCGTCCTCATCTTCCTCCTCATCTTGCTCCTCCTCAGTCGCCCCCAGCCAGCATTTACAGCCGATGGCCAAAGACCACCACACGGACCTGACGACCTTATAGAAGTGGGGACCCTGGGCCCATCTCTCCCTGCGCACCAGGCTGAGCCGAAGCTGCGGGGGCAGGCCGGGCCTGCTGTCACCTCGCTGGGCTCTAAGGTACTGTGGGGTGGACCTGGGACAAGCAGGCCGCCCTCGGACTAGGTTAGCATCCTGCCCGAGGGCAGCCCCCTCCCTAGAGCGGGATGGGGATGGGAGGGGGGGCGGGATTCTCTCTCTAAGTATATTATATGGCAGGAGCTACTGAGAACATAAAATCTTGGCGAGTCATTAAACTTATGAAAATCA
IDH1_G395A,clone 1,80.1164970048877,16.0660282258064,208248388,272,reverse,chr2,208248369,208248660,CTATGATTTAGGCATAGAGAATCGTGATGCCACCAACGACCAAGTCACCAAGGATGCTGCAGAAGCTATAAAGAAGCATAATGTTGGCGTCAAATGTGCCACTATCACTCCTGATGAGAAGAGGGTTGAGGAGTTCAAGTTGAAACAAATGTGGAAATCACCAAATGGCACCATACGAAATATTCTGGGTGGCACGGTCTTCAGAGAAGCCATTATCTGCAAAAATATCCCCCGGCTTGTGAGTGGATGGGTAAAACCTATCATCATAGGTCGTCATGCTTATGGGGATCAA
LRP2_T1742C,clone 1,95.527544007938,43.9390120967742,169277775,176,reverse,chr2,169277745,169277951,TTATTTATTTTTCTCAGATTGGGAGAGCCTTTCTGGGGAACCTAAGCTGGAAAGGGCATTCATGGATGGCAGCAACCGTAAAGACTTGGTGAAAACAAAGCTGGGATGGCCTGCTGGGGTAACTCTGGATATGATATCGAAGCGTGTTTACTGGGTTGACTCTCGGTTTGATTACATTGAAACTGTAACTTATGATGGAATTCAAAG
OR11L1_C160T,clone 1,57.6347800521848,89.411122311828,247841737,159,reverse,chr1,247840928,247841896,ATGGAGCCCCAAAATACCTCCACTGTGACTAACTTTCAGCTGTTAGGATTCCAGAACCTTCTTGAATGGCAGGCCCTGCTCTTTGTCATTTTCCTGCTCATCTACTGCCTGACCATTATAGGGAATGTTGTCATCATCACCGTGGTGAGCCAGGGCCTGCGACTGCACTCCCCTATGTACATGTTCCTCCAGCATCTCTCCTTTCTGGAGGTCTGGTACACGTCCACCACTGTGCCCCTTCTCCTAGCCAACCTGCTGTCCTGGGGCCAAGCCATCTCCTTCTCTGCCTGCATGGCACAGCTCTACTTCTTCGTATTCCTCGGCGCCACCGAGTGCTTTCTCCTGGCCTTCATGGCCTATGACCGTTACCTGGCCATCTGCAGCCCACTCCGCTACCCCTTCCTCATGCATCGTGGGCTCTGTGCCAGGTTGGTGGTGGTCTCCTGGTGCACAGGGGTCAGCACAGGCTTTCTGCCTTCCCTGATGATTTCCAGGTTGGACTTCTGTGGGCGCAATCAGATTAACCATTTCTTCTGCGACCTCCCGCCACTCATGCAGCTCTCCTGTTCCAGAGTTTATATCACCGAGGTGACCATCTTCATCCTGTCAATTGCCGTGCTGTGCATTTGTTTTTTTCTGACACTGGGGCCCTATGTTTTCATTGTGTCCTCCATATTGAGAATCCCTTCCACCTCTGGCCGGAGAAAGACCTTTTCCACATGTGGCTCCCACCTGGCTGTTGTCACTCTCTACTACGGGACCATGATCTCCATGTATGTGTGTCCCAGTCCCCACCTGTTGCCTGAAATCAACAAGATCATTTCTGTCTTCTACACTGTGGTCACACCACTGCTGAACCCAGTTATCTACAGCTTGAGGAACAAAGACTTCAAAGAAGCTGTTAGAAAGGTCATGAGAAGGAAATGTGGTATTCTATGGAGTACAAGTAAAAGGAAGTTCCTTTATTAG
TP53_G338T,clone 1,78.830252471427,19.0482190860215,7674229,61,reverse,chr17,7674181,7674290,GTTGGCTCTGACTGTACCACCATCCACTACAACTACATGTGTAACAGTTCCTGCATGGGCGGCATGAACCGGAGGCCCATCCTCACCATCATCACACTGGAAGACTCCAG
chr11q_amp,clone 2,NA,NA,NA,NA,NA,NA,NA,NA,NA
chr18p_del,clone 2,NA,NA,NA,NA,NA,NA,NA,NA,NA
chr2pq_del,clone 2,NA,NA,NA,NA,NA,NA,NA,NA,NA
chr2q_del,clone 2,NA,NA,NA,NA,NA,NA,NA,NA,NA
GALNT2_G343A,clone 2,78.0309433684907,8.4929435483871,230203259,122,forward,chr1,230203137,230203290,GGAAAGTACGGTGGCCAGACTTTAACCAGGAAGCTTATGTTGGAGGGACGATGGTCCGCTCCGGGCAGGACCCTTACGCCCGCAACAAGTTCAACCAGGTGGAGAGTGATAAGCTTCGAATGGACAGAGCCATCCCTGACACCCGGCATGACCA
MLX_C262T,clone 2,90.2392414832237,26.9237231182796,42568490,20,forward,chr17,42568470,42568559,GGCTTTTTGTAGAAAGCACCCGCAAGGGGAGTGTAGTGTCCAGAGCTAATAGCATCGGTTCCACCAGTGCCTCTTCTGTCCCCAACACAG
VSIR_C346T,clone 2,90.6159273823086,NA,71761763,263,reverse,chr10,71761598,71762026,GTCCGGTGGCAGCCTTCAAGGTCGCCACGCCGTATTCCCTGTATGTCTGTCCCGAGGGGCAGAACGTCACCCTCACCTGCAGGCTCTTGGGCCCTGTGGACAAAGGGCACGATGTGACCTTCTACAAGACGTGGTACCGCAGCTCGAGGGGCGAGGTGCAGACCTGCTCAGAGCGCCGGCCCATCCGCAACCTCACGTTCCAGGACCTTCACCTGCACCATGGAGGCCACCAGGCTGCCAACACCAGCCACGACCTGGCTCAGCGCCACGGGCTGGAGTCGGCCTCCGACCACCATGGCAACTTCTCCATCACCATGCGCAACCTGACCCTGCTGGATAGCGGCCTCTACTGCTGCCTGGTGGTGGAGATCAGGCACCACCACTCGGAGCACAGGGTCCATGGTGCCATGGAGCTGCAGGTGCAGACAG
CARD14_G2354A,clone 3,78.8192275182831,62.2059811827957,80204297,70,forward,chr17,80204227,80204341,CCATCTTCTGGGGGACCACAGAAGCTGGTCCGCATCGTCAGTATGGACAAAGCCAAGGCCAGCCCTCTGCGTTTGTCCTTTGACAGGGGCCAGTTGGACCCCAGCAGGATGGAGG
LAMA2_C9269T,clone 3,58.3936643269266,40.5115927419355,129516247,57,forward,chr6,129516190,129516566,ATGACCTCAAGCAGTTTGGCCTAACAACCAGTATTCCGTTCCGAGGTTGCATCAGATCCCTGAAGCTCACCAAAGGCACAGGCAAGCCACTGGAGGTTAATTTTGCCAAGGCCCTGGAACTGAGGGGCGTTCAACCTGTATCATGCCCAGCCAACTAATAAAAATAAGTGTAACCCCAGGAAGAGTCTGTCAAAACAAGTATATCAAGTAAAACAAACAAATATATTTTACCTATATATGTTAATTAAACTAATTTGTGCATGTACATAGAATTCTTTCTGTATTCAGATGGTGCTAATTCAGACTCCAGACTGAATTTTAATTCAAGTTCTTTCTCAAGTCTATAAATAATATTAAACTGATTATTTCATTCTAAA
PLEKHA5_G1489C,clone 3,98.0044834809452,34.3035954301075,19283473,193,forward,chr12,19283280,19283745,AGTAATTTCTTACCAAACATTACCAAGAAATATGCCAAGTCACAGAGCCCAGATTATGGCCCGCTACCCTGAAGGTTATAGAACACTCCCAAGAAACAGCAAGACAAGGCCTGAAAGTATCTGCAGTGTAACCCCTTCCACTCATGACAAGACATTAGGACCCGGAGCGGAGGAGAAACGGAGGTCCATGAGAGATGACACAATGTGGCAGCTCTACGAATGGCAGCAGCGTCAGTTTTATAACAAACAGAGCACCCTCCCTCGACACAGTACTTTGAGTAGTCCCAAAACCATGGTAAATATTTCTGACCAGACAATGCACTCTATTCCCACATCACCTTCCCACGGGTCAATAGCTGCTTATCAGGGATACTCCCCTCAACGAACTTACAGATCGGAAGTGTCTTCACCAATTCAGAGAGGAGATGTGACAATAGACCGCAGACACAGGGCCCATCACCCTAAG
PTPRS_G2371A,clone 3,91.4519863290581,2.1463373655914,5229321,21,reverse,chr19,5229316,5229342,TGGGAGACGGATGACACGGCCGAATAT
THSD7B_G1167T,clone 3,77.7994193524678,65.6165994623656,137115184,60,forward,chr2,137115124,137115293,GTATTCCTGGAGAACTTCTGAATGGAAAGAATGCCAAGTCTCTCTCCTCCTCGAGCAGCAGGATCCCCACTGGCATGTGACGGGACCCGTGTGTGGCGGTGGGATCCAGACCCGGGAGGTGTACTGTGCCCAGAGCGTACCAGCAGCTGCCGCACTGAGGGCCAAGGAAG
PPIG_G1064A,clone 4,80.125684465841,14.5749327956989,169636138,46,forward,chr2,169636092,169636228,CGTTATCGAACTCCTTCCAGATCCAGATCAAGGGATCGTTTCAGACGTAGTGAGACTCCTCCACATTGGAGGCAAGAGATGCAGAGAGCTCAAAGAATGAGGGTATCAAGTGGTGAAAGATGGATCAAGGGGGATAA
SSH1_G1606T,clone 4,95.3088824372496,20.5477150537634,108792606,223,reverse,chr12,108792286,108792829,CAAACAGCGGCACAACAAGCTGTGGCGTCAGCAGACAGACAGCAGCCTCCAGCAGCCTGTGGATGACCCTGCAGGACCTGGCGACTTCTTGCCAGAGACCCCAGATGGCACCCCGGAAAGCCAGCTGCCCTTCTTGGATGATGCCGCCCAGCCCGGCTTAGGGCCCCCCCTCCCCTGCTGTTTCCGGCGACTCTCAGACCCCCTTCTGCCTTCCCCTGAGGATGAAACTGGCAGCTTGGTCCACCTGGAGGATCCGGAGAGGGAGGCTCTGTTGGAGGAAGCTGCTCCACCTGCAGAGGTGCACAGGCCGGCCAGACAGCCCCAGCAAGGTTCCGGACTCTGTGAGAAGGATGTGAAGAAGAAACTAGAGTTTGGGAGTCCCAAAGGTCGGAGCGGCTCCTTGCTGCAGGTGGAGGAGACGGAAAGGGAGGAGGGCCTGGGAGCAGGGAGGTGGGGGCAGCTTCCAACCCAGCTCGATCAAAACCTGCTCAACTCGGAGAACCTAAACAACAACAGCAAGAGGAGCTGTCCCAACGGCATGGAG
TMCO4_NA,clone 4,72.1142185145713,46.1441532258064,19780765,1,reverse,chr1,19780580,19780766,CGCTGGGAATGGCCATGTGGAACAGGCCATGCCAGAGGCTGCCTCAGCAGCCTCTGGTAGCTGAGCCCACTGCAGAGGGGGAGCCACACCTGCCCACGGGCCGGGAGCTGACTGAGGCCAACCGCTTCGCCTATGCTGCCCTCTGTGGCATCTCCCTGTCCCAGTTATTTCCTGAACCCGAACACAG
TTN_G78419A,clone 4,74.1979346587777,56.2836021505376,178531577,4272,reverse,chr2,178530241,178535849,TTCCAGCTAAGATACACTTACCTAAAACTCTTGAAGGCATGGGAGCAGTTCATGCTCTCCGAGGTGAAGTGGTCAGCATCAAGATTCCTTTCAGTGGCAAACCAGATCCTGTGATCACCTGGCAGAAAGGACAAGATCTCATTGACAATAATGGCCACTACCAAGTTATTGTCACAAGATCCTTCACATCACTTGTTTTCCCCAATGGGGTAGAGAGAAAAGATGCTGGTTTCTATGTGGTCTGTGCTAAAAACAGATTTGGAATTGATCAGAAGACAGTTGAACTGGATGTGGCTGATGTTCCTGACCCACCCAGAGGAGTCAAAGTTAGTGATGTCTCACGAGATTCTGTCAACTTAACATGGACTGAGCCAGCCTCTGATGGTGGCAGCAAAATCACCAACTACATTGTTGAAAAATGTGCAACTACTGCAGAAAGATGGCTCCGTGTAGGACAGGCCCGAGAAACACGTTATACCGTGATCAACTTATTTGGAAAAACAAGTTACCAGTTCCGGGTAATAGCTGAAAATAAATTTGGTCTGAGCAAGCCTTCAGAGCCTTCAGAACCAACCATAACCAAAGAAGATAAGACCAGAGCTATGAACTATGATGAAGAGGTAGATGAAACCAGGGAAGTCTCCATGACTAAAGCATCTCACTCTTCAACCAAGGAACTCTATGAGAAATATATGATTGCTGAAGATCTTGGGCGTGGTGAGTTTGGAATTGTCCATCGTTGTGTTGAAACATCCTCAAAGAAGACATACATGGCCAAATTTGTTAAAGTCAAAGGGACTGATCAGGTTTTGGTAAAGAAGGAAATTTCCATTCTGAATATTGCTAGGCATAGAAACATCTTACACCTCCATGAATCATTTGAAAGCATGGAAGAATTAGTTATGATCTTTGAGTTTATATCAGGACTTGACATATTTGAGCGCATTAACACAAGTGCTTTTGAACTTAATGAAAGAGAAATTGTAAGTTATGTTCACCAGGTCTGTGAAGCACTTCAGTTTTTACACAGTCATAATATTGGACACTTTGACATTAGACCAGAAAATATCATTTACCAAACCAGAAGAAGCTCTACCATTAAAATCATAGAATTTGGTCAAGCCCGTCAGCTGAAACCAGGGGACAACTTCAGGCTTCTATTCACTGCCCCAGAATACTATGCACCTGAAGTCCACCAGCATGATGTTGTCAGCACAGCCACAGACATGTGGTCACTTGGAACACTGGTATATGTGCTATTGAGTGGTATCAACCCATTCCTGGCTGAAACTAACCAACAGATCATTGAGAATATCATGAATGCTGAATATACTTTCGATGAGGAAGCATTCAAAGAGATTAGCATTGAAGCCATGGATTTTGTTGACCGGTTGTTAGTGAAAGAGAGGAAATCTCGCATGACAGCATCGGAGGCTCTCCAGCACCCATGGTTGAAGCAGAAGATAGAAAGAGTCAGTACTAAAGTTATCAGAACATTAAAACACCGGCGTTATTACCACACCCTGATCAAGAAAGACCTCAACATGGTTGTGTCAGCAGCCCGGATCTCCTGTGGTGGTGCAATTCGATCTCAGAAGGGAGTGAGTGTTGCTAAAGTTAAAGTGGCATCCATTGAAATTGGCCCAGTTTCTGGGCAGATAATGCATGCAGTTGGTGAAGAAGGAGGACATGTCAAATATGTATGCAAAATTGAAAATTATGATCAGTCTACCCAAGTGACTTGGTACTTTGGCGTCCGACAGCTGGAGAACAGTGAGAAATACGAAATCACCTACGAAGATGGAGTGGCCATCCTCTATGTCAAAGACATTACCAAATTAGATGATGGTACCTACAGATGCAAAGTAGTCAATGACTATGGTGAAGACAGTTCTTATGCAGAGCTATTTGTTAAAGGTGTGAGAGAAGTCTATGACTATTACTGCCGTAGAACCATGAAGAAAATTAAGCGCAGAACAGACACAATGAGACTCCTGGAAAGGCCACCAGAATTTACCCTGCCTCTCTATAATAAGACAGCTTATGTAGGTGAAAATGTCCGGTTTGGAGTAACTATAACTGTCCACCCAGAGCCTCATGTAACATGGTATAAATCAGGTCAGAAAATCAAACCAGGTGACAATGACAAGAAGTACACATTTGAGTCAGACAAGGGTCTTTACCAATTAACAATCAACAGTGTCACTACAGATGATGACGCTGAATATACTGTTGTGGCAAGGAACAAATATGGTGAAGACAGCTGTAAAGCAAAGCTGACAGTAACCCTACACCCACCTCCAACAGATAGTACCTTAAGACCCATGTTCAAAAGGTTACTGGCAAATGCAGAATGCCAAGAAGGCCAAAGTGTCTGCTTTGAGATCAGAGTGTCTGGCATCCCCCCACCAACATTAAAATGGGAGAAAGATGGTCAGCCACTGTCCCTCGGGCCTAACATTGAAATTATCCATGAAGGCTTGGATTATTATGCTCTGCACATCAGGGACACTTTGCCTGAAGACACGGGTTATTATAGAGTCACAGCCACTAACACAGCTGGGTCCACCAGCTGCCAGGCTCACCTACAAGTGGAACGCCTGAGGTACAAGAAACAGGAATTCAAGAGTAAGGAGGAGCATGAGCGACACGTACAAAAACAAATTGACAAAACCCTCAGAATGGCTGAAATTCTTTCTGGAACTGAAAGTGTACCACTGACACAGGTAGCTAAAGAGGCTCTGAGAGAAGCTGCTGTCCTTTATAAACCGGCTGTAAGCACCAAGACTGTAAAAGGGGAATTCAGACTTGAGATAGAAGAAAAGAAGGAGGAGAGAAAACTCCGGATGCCTTATGATGTACCAGAGCCACGCAAGTATAAGCAGACTACCATAGAAGAAGACCAACGCATCAAGCAGTTCGTGCCCATGTCTGACATGAAGTGGTATAAAAAGATACGTGATCAGTATGAAATGCCTGGGAAACTTGACAGAGTTGTACAGAAACGACCCAAGCGCATCCGCCTTTCAAGATGGGAACAGTTCTATGTGATGCCTCTTCCACGCATTACAGATCAATACAGACCTAAATGGCGTATTCCTAAACTGTCCCAAGATGATCTTGAGATAGTGAGACCAGCCCGCCGGCGTACACCTTCTCCTGATTATGACTTTTACTACCGACCTAGAAGACGTTCTCTTGGGGACATCTCTGATGAAGAATTACTCCTCCCCATTGATGACTACTTAGCAATGAAAAGAACAGAGGAAGAGAGGCTGCGTCTTGAAGAAGAGCTTGAGTTAGGTTTTTCAGCTTCACCCCCAAGTCGAAGCCCTCCACACTTTGAGCTTTCTAGCCTACGTTACTCTTCACCACAAGCTCATGTCAAGGTGGAGGAAACAAGAAAAGACTTCAGGTATTCAACCTATCACATCCCAACGAAGGCTGAAGCTAGTACAAGTTATGCAGAACTGAGGGAACGGCATGCCCAGGCTGCGTACAGACAGCCAAAGCAACGGCAAAGAATCATGGCTGAGAGGGAGGATGAAGAGTTGCTTCGCCCAGTTACGACCACCCAGCATCTCTCAGAATACAAAAGCGAACTTGACTTCATGTCAAAGGAGGAAAAGTCTAGAAAGAAATCAAGGCGACAAAGAGAAGTGACAGAAATAACAGAAATTGAGGAAGAATACGAAATCTCAAAACATGCTCAAAGAGAATCATCCTCATCTGCGTCTAGACTACTGAGACGACGGCGCTCCCTGTCTCCAACTTATATTGAGTTAATGAGGCCAGTGTCTGAGCTGATCCGGTCACGTCCACAACCGGCTGAGGAATACGAAGATGACACAGAAAGAAGGTCACCTACTCCAGAGAGAACTCGCCCACGATCCCCCAGCCCTGTGTCTAGTGAGAGATCACTCTCGAGATTTGAGAGGTCTGCAAGATTTGATATCTTTTCCAGGTATGAGTCCATGAAAGCTGCTTTAAAAACTCAGAAGACATCAGAAAGGAAGTATGAAGTTTTGAGTCAGCAGCCTTTCACACTGGACCATGCCCCTCGAATCACACTGAGAATGCGCTCGCACAGGGTACCATGTGGCCAAAATACACGTTTTATTTTAAATGTTCAGTCTAAGCCAACTGCCGAGGTTAAATGGTACCACAATGGTGTGGAACTCCAAGAAAGCAGTAAGATTCATTACACCAACACGAGTGGAGTCCTCACCCTGGAAATTCTGGACTGTCATACTGATGACAGTGGAACCTACCGTGCTGTGTGCACCAACTACAAGGGCGAAGCTTCTGACTATGCAACGTTGGACGTGACAGGAGGGGATTATACCACCTATGCTTCCCAACGCAGAGATGAAGAGGTCCCCAGATCTGTTTTCCCTGAGCTGACAAGAACAGAGGCGTATGCTGTTTCATCATTTAAGAAAACATCTGAGATGGAAGCTTCGTCTTCTGTCAGGGAAGTGAAATCACAGATGACGGAGACAAGGGAAAGTCTCTCCTCATATGAACACTCTGCATCTGCAGAAATGAAAAGTGCTGCATTAGAAGAAAAGTCACTGGAAGAAAAATCCACAACCAGAAAGATCAAGACGACTTTGGCAGCAAGAATTCTAACAAAGCCACGGTCCATGACCGTCTACGAGGGCGAGTCTGCAAGGTTTTCTTGTGACACCGATGGTGAGCCGGTACCAACTGTGACCTGGCTGCGTAAAGGACAAGTGCTAAGTACTTCTGCCCGCCACCAAGTGACCACCACAAAGTACAAATCAACCTTTGAGATCTCTTCAGTCCAGGCTTCCGATGAGGGCAATTACAGCGTGGTGGTAGAAAACAGTGAAGGGAAACAAGAAGCAGAGTTCACTCTGACTATTCAAAAGGCCAGGGTAACTGAAAAGGCTGTGACATCACCACCAAGAGTCAAATCCCCAGAGCCTCGGGTGAAATCCCCAGAAGCAGTTAAGTCTCCAAAACGAGTGAAATCTCCAGAACCTTCTCACCCGAAAGCCGTATCACCCACAGAGACAAAACCAACACCAACAGAGAAAGTTCAGCACCTCCCAGTCTCTGCCCCACCAAAGATTACTCAGTTCCTGAAAGCAGAAGCTTCTAAAGAGATTGCAAAACTGACCTGTGTGGTTGAAAGCAGTGTATTAAGGGCAAAAGAGGTCACCTGGTATAAAGATGGCAAGAAACTGAAGGAAAATGGGCATTTCCAGTTTCATTATTCAGCAGATGGTACCTATGAGCTCAAAATCAATAACCTCACTGAATCTGATCAAGGAGAATATGTTTGTGAGATTTCTGGTGAAGGTGGAACGTCTAAAACCAACTTACAATTTATGGGGCAAGCCTTTAAGAGTATCCATGAGAAGGTATCAAAAATATCAGAAACTAAGAAATCAGATCAGAAAACCACTGAGTCAACAGTAACCAGAAAAACTGAACCAAAAGCTCCTGAACCAATTTCCTCAAAACCAGTAATTGTTACTGGGTTGCAGGATACAACTGTTTCTTCAGACAGTGTTGCTAAATTTGCAGTTAAGGCTACTGGAGAACCCCGGCCAACTGCCATCTGGACAAAAGATGGAAAG
ZSCAN10_C1951T,clone 4,83.7602440189629,74.8571908602151,3089318,1328,reverse,chr16,3088890,3090646,GATTCGGAAGCAGAACCCCAGACAAGGAGGAATTTAAACAAGAAGAGCCCAAAGGGGCTGCCTGGCCCACTCCCATCTTAGCAGAGTCCCAGGCAGATAGTCCTGGGGTGCCGGGAGAGCCTTGCGCCCAGTCGCTCGGACGGGGCGCTGCGGCTAGCGGCCCTGGTGAAGATGGGTCCCTTCTTGGCAGCAGTGAAATTTTGGAGGTCAAAGTGGCTGAGGGCGTCCCCGAGCCCAATCCGGAGTTGCAGTTCATCTGCGCGGACTGCGGGGTGAGCTTCCCGCAGCTGTCTCGCCTGAAGGCGCACCAGCTGCGCTCGCACCCGGCTGGGCGCTCCTTCCTGTGCCTTTGCTGCGGGAAGAGCTTCGGCCGCAGCTCCATTCTCAAGCTGCACATGCGCACTCACACGGACGAGCGGCCGCACGCCTGCCACCTGTGCGGCCACCGCTTCCGCCAGAGCTCGCACCTGAGCAAGCACCTGCTGACCCACTCCTCCGAACCCGCCTTCCTGTGCGCAGAGTGCGGCCGCGGCTTCCAGCGCCGCGCCAGCCTTGTGCAGCACCTGCTGGCGCACGCCCAGGACCAGAAGCCGCCCTGCGCTCCTGAGAGTAAGGCCGAAGCGCCGCCACTGACCGATGTCCTGTGCTCCCACTGCGGCCAGAGCTTCCAGCGCCGCTCCAGCCTCAAGCGCCACCTGCGGATCCACGCCAGGGACAAGGACCGCCGGTCCTCCGAAGGCTCCGGCAGCCGCCGCCGGGACTCCGACCGGAGGCCCTTCGTGTGCAGCGACTGCGGCAAGGCCTTCCGGCGCAGCGAGCACCTGGTGGCCCACCGGAGGGTGCACACGGGCGAGCGGCCCTTCTCCTGCCAGGCTTGCGGCCGCAGCTTCACGCAGAGCTCGCAGCTGGTCAGCCACCAACGGGTGCACACGGGCGAGAAGCCCTACGCCTGTCCGCAGTGCGGGAAGCGCTTTGTGCGCCGGGCCAGCCTTGCCCGCCACCTGCTGACCCACGGTGGCCCTCGGCCCCACCACTGCACCCAGTGCGGGAAGAGTTTCGGCCAGACCCAGGATCTGGCCCGCCACCAGCGCAGCCACACGGGCGAGAAGCCCTGCCGCTGCAGCGAGTGCGGTGAGGGCTTCAGCCAGAGCGCCCACCTGGCGCGCCACCAGCGCATCCACACAGGGGAGAAGCCCCACGCCTGCGACACCTGCGGCCACCGTTTCCGCAATAGCTCCAACCTGGCCCGCCATCGCCGCAGCCACACGGGCGAGCGGCCCTACAGCTGTCAGACGTGCGGTCGCAGCTTCCGGCGCAACGCGCATCTGCGGCGGCACCTGGCTACCCATGCGGAGCCCGGGCAGGAGCAGGCCGAGCCCCCGCAGGAGTGCGTGGAGTGCGGGAAGAGCTTCAGCCGCAGCTGCAATCTGCTGCGACACCTGCTGGTGCACACGGGCGCCAGGCCCTACTCCTGCACGCAGTGTGGCCGCAGCTTCAGCCGCAACTCCCACCTGCTGCGCCACCTGCGCACCCACGCCCGCGAGACGCTGTACTAGCTTGGCCCGCCTTCCGCCAGCCGCGCCCTGCGCCACCTACCCGGGGTCCTCCACAGCGGAGGCCTGCAGGAATGTCCCTTCCCACCACACCCCACTTCCCTCTCCTTCCACTTTCACAGCTGTCCTTCCCTGGCCGAGGCATTGCTTTCTGGCCTCAGCTATGTAATTAAAACGCCCGAAGTAAAATGGCCTTCTCCAAAA
chr17q_amp,clone 5,NA,NA,NA,NA,NA,NA,NA,NA,NA
INA_A1042G,clone 5,76.3128881702253,13.8188844086022,103278253,1115,forward,chr10,103277138,103278276,GCCCTGCCTGCCGCACCTCTCCTTTCTTCTGTAGCTCGCGTTGAAGCCGCACGTCCGGCCCCGATCCCGGCACCATGAGCTTCGGCTCGGAGCACTACCTGTGCTCCTCCTCCTCCTACCGCAAGGTGTTCGGGGATGGCTCTCGCCTGTCCGCCCGCCTCTCTGGGGCCGGCGGCGCGGGCGGCTTCCGCTCGCAGTCGCTGTCCCGCAGCAATGTGGCCTCCTCGGCCGCCTGCTCCTCGGCCTCGTCGCTCGGCCTCGGCCTGGCCTATCGCCGGCCGCCGGCGTCCGACGGGCTGGACCTGAGCCAGGCGGCGGCGCGCACCAACGAGTACAAGATCATCCGCACCAACGAGAAGGAGCAGCTGCAGGGCCTCAACGACCGCTTCGCCGTGTTCATCGAGAAGGTGCATCAGCTGGAGACGCAGAACCGCGCGTTGGAGGCCGAGCTGGCCGCGCTGCGACAGCGCCACGCTGAGCCGTCGCGCGTCGGCGAGCTCTTCCAGCGCGAGCTGCGCGACCTGCGCGCGCAGCTGGAGGAGGCCAGCTCGGCTCGCTCGCAGGCCCTGCTGGAGCGCGACGGGCTGGCGGAGGAGGTGCAGCGGCTGCGGGCGCGCTGCGAGGAGGAGAGCCGCGGACGCGAAGGCGCCGAGCGCGCCCTGAAGGCGCAGCAGCGCGACGTGGACGGCGCCACGCTGGCCCGCCTGGACCTGGAGAAGAAGGTGGAGTCGCTGCTGGACGAGCTGGCCTTCGTACGCCAGGTGCACGACGAGGAGGTAGCCGAGCTGCTGGCCACGCTGCAGGCGTCGTCGCAGGCCGCGGCCGAGGTGGACGTGACTGTGGCTAAACCAGACCTGACCTCGGCTCTGAGGGAGATCCGCGCCCAGTATGAGTCCCTGGCCGCTAAGAACCTGCAGTCCGCGGAAGAATGGTACAAGTCCAAGTTTGCCAACCTGAACGAGCAGGCGGCGCGCAGCACCGAGGCCATCCGGGCCAGCCGCGAGGAGATCCACGAGTATCGGCGCCAGCTGCAGGCGCGCACCATCGAGATCGAGGGCCTGCGCGGGGCCAACGAGTCCTTGGAGAGGCAGATCCTGGAGCTGGAGGAGCGGCACAGTGCCGAGGTAGCTGGCTACCAG
KMT2B_G4205A,clone 5,29.6332365587446,12.5378024193548,35727525,87,forward,chr19,35727438,35727622,ATGAAGACTACGAGATCCTTTCAGGACTGCCAGACTCGGTGCTGTACACCTGCGGACCGTGTGCTGGGGCAGCGCAGCCCCGCTGGCGAGAGGCCCTGAGCGGGGCCCTCCAGGGGGGCCTGCGCCAGGTGCTCCAGGGCCTGCTGAGCTCCAAGGTGGTGGGCCCACTGCTGCTCTGCACCCAG
KRT17_C1204T,clone 5,84.2839292933005,67.7377352150538,41620536,22,reverse,chr17,41620536,41620558,CCTGACTCAGTACAAGAAAGAAC
OR8K3_A22G,clone 5,26.8310609679909,NA,56318328,44,forward,chr11,56318284,56320639,AATAGGTTTTCTGATGAACCTGGATGGAACAACACAATCTAACAACGGTGAATGAATTCATTCTTACGGGAATCACAGATATCGCTGAGCTGCAGGCACCATTATTTGCATTGTTCCTCATGATCTATGTGATCTCAGTGATGGGCAATTTGGGCATGATTGTCCTCACCAAGTTGGACTCCAGGTTGCAAACCCCTATGTACTTTTTTCTCAGACATCTGGCTTTCATGGATCTTGGTTATTCAACAACTGTGGGACCCAAAATGTTAGTAAATTTTGTTGTGGATAAGAATATAATTTCTTATTATTTTTGTGCAACACAGCTAGCTTTCTTTCTTGTGTTCATTGGTAGTGAACTTTTTATTCTCTCAGCCATGTCCTACGACCTCTATGTGGCCATCTGTAACCCTCTGCTATACACAGTAATCATGTCACGAAGGGTATGTCAGGTGCTGGTAGCAATCCCTTACCTCTATTGCACATTCATTTCTCTTCTAGTCACCATAAAGATTTTTACTTTATCCTTCTGTGGCTACAACGTCATTAGTCATTTCTACTGTGACAGTCTCCCTTTGTTACCTTTGCTTTGTTCAAATACACATGAAATTGAATTGATAATTCTGATCTTTGCAGCTATTGATTTGATTTCATCTCTTCTGATAGTTCTTTTATCTTACCTGCTCATCCTTGTAGCCATTCTCAGGATGAATTCTGCTGGCAGACAAAAGGCTTTTTCTACCTGTGGAGCCCACCTGACAGTGGTCATAGTGTTCTATGGGACTTTGCTTTTCATGTACGTGCAGCCCAAGTCCAGTCATTCCTTTGACACTGATAAAGTGGCTTCCATATTTTACACCCTGGTTATCCCCATGTTGAATCCCTTGATCTATAGTTTACGAAACAAAGATGTAAAATATGCCCTACGAAGGACATGGAATAACTTATGTAATATTTTTGTTTAAATTTTGTACAATATGATTCCTATAAATTAGGTTATGGGCATGAATTTTTGCTCTGCATACTTCCAGAAGACATAACAAGCATAACTGATTCAACATATATTTACATATGTCTCATACATGATAGGCTCTTCTAATTGCTATACATAGATTAATAAACAAAATAGTAGAAATCTTTGCCTTCCTTGATGGATAGATGAATTGTATTCACAATAAGTCCATTTTATATAACAGTAGAATGTGCACGATGGATATAGACAAAGAAAAAAGGGAGACAAGGAAAGCTAGTATGCTGGGTGGCAGTAGGAAACAGTGGTCATTACAGAAGGGAGTTACGAGGATTCCAGTGTTTTTTATCTGCTACTGGAATAAAATTTACAGTGTGTGTGCTTCTGTATGTTTCTGTTTGTGTGTTTTTGTGTATATAAGCATTTTCCTTCTGTTTTAGCCTTCATACTTTTTGCTTGTATATTCTGACATTGCATTTAATACTGGTTGTTTAGATGATATGTGATGATTTTAAGTCTTACAGATGTGCTCGAATAATTACTATTCCGAATATTAGGATCCTACTATTTCCTTATCAATGTTTTTATTTCCACATAGAAGTCTGTTAACCGAACATACTTTGTAGCTCAATAATCGGTAAATTCTGATTAGCACCTGATTTTGTTTCAGTTAGCCCATTCTGTTTACATGAGTAGATATATCAATTATGCTTAAGTTTAGAAGACATCCATAGAAATTCTCAGGTTTATTCTTTCTCTCTAGTTGTTCTTGCTTAATAACTGCCTTTTTCACAGATTTTCCCGTTATTTATCTAAAAAAAAGTAATAAACTGTGGTTAAAATTTGTGTTCCAGTTGTTTTTACATCTTTGAGGAGGGGGACCATTCTATGATGAATTAACTTTGTAGTCTCTCACTGAGTTGACAATCCATAATTTTTATCAATATGCACTATATCGAATGCACTATATTTTCATTTACTTCACTGTTTGATTGCATCAGTTGATTTTTCTACTTGTACAAAGCAAATAAAAGTAATAAAATGCACTACACCATACTGTATCTATCTGCTGGCTATTACAGATGTCCTTTGACAGTTACAGACCTTCACCATGCAAGTGAGGTCTGATCTGTATGCAATGATATCGTTATCTTGCCTTTTAAACATGGTTGCTTTCCTTAACTCCATATGTTTTCTTATGTATTTTGATTTCCTTTATTCTTTTTAATAATCCTAAGAATTTATTGAAAGTATCAGAGTCTACAATATTTTCTTGGTTCACCATCATAAAATAAAATCCCATGTGCAGCCAAAGAAACACTAATGAATATATCTCATTGGAATAAATTAAACATTGCATAGCACATTGTCATGTGAGGATAAATATTA
PTPRZ1_A683G,clone 5,91.0238506486347,0.176411290322576,121983728,63,forward,chr7,121983665,121983822,GGAAGCAGGCTGCTTTAGATCCATTCATACTGTTGAACCTTCTGCCAAACTCAACTGACAAGTATTACATTTACAATGGCTCATTGACATCTCCTCCCTGCACAGACACAGTTGACTGGATTGTTTTTAAAGATACAGTTAGCATCTCTGAAAGCCAG
RYR2_C2573T,clone 5,56.9659328947852,40.1545698924731,237503465,176,forward,chr1,237503289,237503505,AGTACGCTTTCTGCTTGGAGGGCGACATGGAGAATTCAAATTTCTTCCTCCACCTGGGTATGCTCCTTGTTATGAAGCTGTTCTGCCAAAAGAAAAGTTGAAAGTGGAACACAGCCGAGAGTACAAGCAAGAAAGAACTTACACACGCGACCTGCTGGGCCCCACAGTTTCCCTGACGCAAGCTGCCTTCACACCCATCCCTGTGGATACCAGCCAG
TRIB2_A947G,clone 5,96.6318768145235,11.5591397849462,12740709,383,forward,chr2,12740326,12742734,GACTCGGGTCAAGCTGGAAAGCCTGGAAGACGCCTACATTCTGCGGGGAGATGATGATTCCCTCTCCGACAAGCATGGCTGCCCGGCTTACGTAAGCCCAGAGATCTTGAACACCAGTGGCAGCTACTCGGGCAAAGCAGCCGACGTGTGGAGCCTGGGGGTGATGCTGTACACCATGTTGGTGGGGCGGTACCCTTTCCATGACATTGAACCCAGCTCCCTCTTCAGCAAGATCCGGCGTGGCCAGTTCAACATTCCAGAGACTCTGTCGCCCAAGGCCAAGTGCCTCATCCGAAGCATTCTGCGTCGGGAGCCCTCAGAGCGGCTGACCTCGCAGGAAATTCTGGACCATCCTTGGTTTTCTACAGATTTTAGCGTCTCGAATTCAGCATATGGTGCTAAGGAAGTGTCTGACCAGCTGGTGCCGGACGTCAACATGGAAGAGAACTTGGACCCTTTCTTTAACTGAGCTCATGCCCCACGGAGACTTAGCAGGTTCCAGGAGTGAGCGAGGGCAGCGGAAAGGAGTTCTTCCGGGGGACACGAATTGCCTGGCTGAGTAGCAAGAAAGACACACTCTTAAGTTTCTTGGTTCAGAGCAGGAAAACCTTCAAGGAGCTGACTGACCACGTAGCATGGGGGCAAGAGGCGTGGGATGGGGATTGGGGTGAGATGGATGGGAGCCCGCTGGAGCTTGTCTTCCCTAACATAGCCTGGGAGACCACCCCTTGCCACTTGGGCCACTTCCGCCTACCCCACTTTTCATTTTGTTCCAAAATAGTTGCAGATCCTGACAGAATCAAAACTCTCTGCCTCAAACACACATCCTGGCATCGCACTGTTAGCATTTAACTTCTTGTTAGGATTCAGGGAAGGAACAGTTGGCCAAGAATTTTTTTTCTTTTAAACAAGCCAACCACCTAGCTGGTAATTAATGAGGTTCACTTAAAAAAAAAATTCGGTGCACACAGACTGACATGAAACCTGGGTGCTACAGTAAAAGAAAACAAAAGTCCAGTTTGTGTCTCTTAATCGCTCACTTCAACTCATTTCTTCTAAATAAACTATTTAATATCCTGGTCAGGAAATGACATGTTAATGCTTTGCTCCCTGAAGGGGGAAAAAATCTGTCCTTTAACAAGCTATTCTGTTTTGTGTCAATTGGTTCGTGGCAGGAAGCTATTAGAAGTCAAACGTCCAGATGCATTACTGCTATCTTAGTTTAAAGGGGGAAAGAAAAGGGAAGAAGAAAGGAAAAGAGAAATCCAACTCCTTTTTCATGTTTTGCTTTTGAACAATGAGGGTTTGTGTGACAGGCATTCCTCTTTGCTGAGATGATAGCAATGGCCTGAGATTTTAGCAAGCTCCTGGAGTCTGATGCTTTTGCAGTACTCTGATCGCAACTAAACATTTGTCTTTGTTTTATTAGAAACTAGTGAAACAAAGCAGGTTGTCCCACATGTATAAAATACAGGGCAGCTATTTAGTTTTCTTTACAGAGAATGATCCTTTTAAGGCTTGTAAGGCCCTCTGGTTTGGACAAAAACCCTCAGTAGAGACAAGCGGGAAGGATAATTAGCTGAAAGCTATGATGATATAAATAAAAACAGCTCTCTATCCCAATACGCACCTTTGTATTTTCAAGAACTCTTCTATTTATTAAGGAAAATGTCACATTGTGATGTATTAAGCCAGTACTTCAATTACGGGTTGACTTGGGATGACATATTACATGCTGTAGTTAACATTTATAATTCTTTTTCCTTGTTTGAGTATTTCTGTCTCTGAAATAACCTTTTACTTGGCTTTTCTAGATAGCTTTATTTGATTTCGAGTGGCAAAATGTTTTTTATTACGGCTTTTCTATTGCTGTATGATACAGAACTCTTTTGGCATAAATATTTGTGTTCCCAGTACCTCACTTGTTCGGATTTGACTGCCTGTATATGTTTTGTGAAATGGTCCTGTTTTTGGGTAGGTGACACGTGGACTCTAGTATGTAAATGTTACTTGAATCTGTGCTTCATAATAGTGTGTGGCATGTATGTGCAGACTCTTGGATGCTTTATGCCTGCGCAGCAGGAGCCCTGTCCTCACGTTCCCAGGAGGGCGGCTTCACCCTTCGTAACCAGGAGACAAGGCGGCCATGGATTTGCCCTTGATTCTATTTTGCTAATGGAAGATAGAAAGGAGAGAAGGTTTTTTTTTTTTTTAACATTCTGAAGATGGTGCTGTGTCAAGAAGGACCTTTTTTTTCCCCTCTCCCCTATTTTTTAAGTACCTTGGAGGAGGAGAGGTTGGTGACATGCATGGTGGGGATCTATGGCCTCTGGTGCTTTGTCCTGTATTTGGTTTAATGTTTTTGTCCTAATCTCTTCAATCAATAAAATTGTGCGTATTTAACTAAAA
